{
  "nodePos": {
    "draft": {
      "x": 100,
      "y": 140
    },
    "scheduled": {
      "x": 378.74829931972783,
      "y": -142.06802721088434
    },
    "cancelled": {
      "x": 377.17006802721096,
      "y": 380.1768707482993
    },
    "__start__": {
      "x": -296,
      "y": 140
    }
  }
}