{
  "nodePos": {
    "main": {
      "x": 100,
      "y": 500
    },
    "subflow-start-chat": {
      "x": -95.0431456912361,
      "y": 251.03923399477603
    },
    "subflow-rezervation": {
      "x": 259.71607136869824,
      "y": 225.26810585558613
    },
    "subflow-update-rezervation": {
      "x": 486.91371476469885,
      "y": 440.1904538378637
    },
    "subflow-past-conversations": {
      "x": 471.800986023915,
      "y": 672.1063318336554
    },
    "subflow-risk-assessment": {
      "x": -192.06654615147832,
      "y": 792.3551349392094
    },
    "__start__": {
      "x": -296,
      "y": 500
    }
  }
}