{
  "nodePos": {
    "card-view": {
      "x": 102.46116078782524,
      "y": 101.23058039391262
    },
    "__start__": {
      "x": -326,
      "y": 100
    },
    "subflow": {
      "x": 94.95444523854638,
      "y": -234.9452751035828
    },
    "subflow-advisor-hub": {
      "x": -105.8781976010901,
      "y": 393.1161122773889
    },
    "subflow-risk-assessment": {
      "x": -99.10932715210194,
      "y": -257.75258283652033
    },
    "subflow-past-conversations": {
      "x": 433.42822127528706,
      "y": 386.07524660794724
    },
    "subflow-update-rezervation": {
      "x": 332.90542188516247,
      "y": -259.0388887363222
    },
    "subflow-rezervation": {
      "x": 529.2848621209362,
      "y": -75.70500514785667
    },
    "subflow-start-chat": {
      "x": 556.2034270046021,
      "y": 97.59693145055289
    }
  }
}