{
  "nodePos": {
    "draft": {
      "x": -1.376706826896637,
      "y": 143.43649853650498
    },
    "online": {
      "x": 356,
      "y": 261
    },
    "offline": {
      "x": 276.5333333333334,
      "y": -60.595744680851055
    },
    "on-vacation": {
      "x": 628.8765957446809,
      "y": 62.93191489361705
    },
    "busy": {
      "x": 705.3657341180021,
      "y": 324.17090689603134
    },
    "away": {
      "x": 694.4759648761193,
      "y": 538.5240351238807
    },
    "inactive": {
      "x": 82.26099290780142,
      "y": 539.7709219858156
    },
    "__start__": {
      "x": -296,
      "y": 140
    }
  }
}