{
  "nodePos": {
    "list": {
      "x": 356.46602861018494,
      "y": 180.9224787340394
    },
    "detail": {
      "x": 468.81384019172685,
      "y": -116.2761925738052
    },
    "__start__": {
      "x": 100,
      "y": 0
    }
  }
}