{
  "nodePos": {
    "list": {
      "x": 241.83209132982725,
      "y": 201.47752955672422
    },
    "detail": {
      "x": 456.95515702479327,
      "y": -7.176307438016551
    },
    "__start__": {
      "x": 100,
      "y": 0
    }
  }
}