{
  "nodePos": {
    "list": {
      "x": 333.3426443359575,
      "y": 263.87925835388506
    },
    "detail": {
      "x": 574.1344672456836,
      "y": -24.887611578528926
    },
    "__start__": {
      "x": 172.3315744155419,
      "y": -32.71908182377644
    }
  }
}