{
  "nodePos": {
    "draft": {
      "x": 100,
      "y": 140
    },
    "online": {
      "x": 112.48924122310305,
      "y": 423.96489241223105
    },
    "offline": {
      "x": 257.17544427074165,
      "y": 813.6359042195195
    },
    "on-vacation": {
      "x": -325.82694895015834,
      "y": 424.9352177599017
    },
    "busy": {
      "x": -305.8482446206115,
      "y": 781.3103057757645
    },
    "away": {
      "x": -52.971687429218534,
      "y": 853.2718006795016
    },
    "inactive": {
      "x": 751.3567322971315,
      "y": 437.8910217217645
    },
    "__start__": {
      "x": -296,
      "y": 140
    }
  }
}