{
  "nodePos": {
    "appointment-form": {
      "x": 382.358910080933,
      "y": 122.61402836600331
    },
    "confirmation": {
      "x": 392,
      "y": 350
    },
    "active": {
      "x": 381.09555319944684,
      "y": 574.8101299407663
    },
    "accept-terms": {
      "x": 407.7630012416957,
      "y": 1058.9244829514198
    },
    "in-meet": {
      "x": 409.7540765947869,
      "y": 1257.812449902405
    },
    "meet-completed": {
      "x": 402.8615759535652,
      "y": 1471.1250051650927
    },
    "user-cancelled": {
      "x": -327.61483303172656,
      "y": 711.7906718575645
    },
    "advisor-cancelled": {
      "x": -332.39061290252465,
      "y": 484.2335957047899
    },
    "timeout": {
      "x": -312.42943030181436,
      "y": 924.9329541934262
    },
    "__start__": {
      "x": -136.80180345322103,
      "y": 114.57292806847487
    },
    "can-start-meeting": {
      "x": 367.4491961771392,
      "y": 830.6596931372894
    }
  }
}