{
  "nodePos": {
    "appointment-form": {
      "x": 197.78179383490266,
      "y": 117.77097360012033
    },
    "confirmation": {
      "x": 392,
      "y": 350
    },
    "active": {
      "x": 382.2672922509123,
      "y": 645.1144730286921
    },
    "accept-terms": {
      "x": 410.06701367362416,
      "y": 1030.9158962315123
    },
    "in-meet": {
      "x": 409.7540765947869,
      "y": 1257.812449902405
    },
    "meet-completed": {
      "x": 402.8615759535652,
      "y": 1471.1250051650927
    },
    "user-cancelled": {
      "x": -327.61483303172656,
      "y": 711.7906718575645
    },
    "advisor-cancelled": {
      "x": -332.39061290252465,
      "y": 484.2335957047899
    },
    "timeout": {
      "x": -312.42943030181436,
      "y": 924.9329541934262
    },
    "__start__": {
      "x": -136.80180345322103,
      "y": 114.57292806847487
    },
    "can-start-meeting": {
      "x": 367.4491961771392,
      "y": 830.6596931372894
    }
  }
}