{
  "nodePos": {
    "appointment-form": {
      "x": 386,
      "y": 100
    },
    "confirmation": {
      "x": 390.48499648639205,
      "y": 348.5759159635673
    },
    "success": {
      "x": 375.34955457636585,
      "y": 538.9466627497909
    },
    "__start__": {
      "x": -10,
      "y": 100
    },
    "cancelled": {
      "x": 46.20344324236112,
      "y": 540.117627252265
    },
    "cancel-confirmation": {
      "x": 58.41676178015828,
      "y": 348.86938025511336
    }
  }
}